{"cameraMode":{"drawMode":0,"name":"Shaded","section":"Shading Mode"},"sceneLighting":false,"audioPlay":false,"sceneViewState":{"m_AlwaysRefresh":false,"showFog":true,"showSkybox":false,"showFlares":true,"showImageEffects":true,"showParticleSystems":true,"showVisualEffectGraphs":true,"m_FxEnabled":true},"in2DMode":false,"pivot":{"x":0.2330000400543213,"y":1.0930001735687256,"z":1.130000114440918},"rotation":{"x":-0.016917336732149125,"y":0.7549237608909607,"z":-0.019488772377371789,"w":-0.6553137898445129},"size":6.368149757385254,"orthographic":false}