{"cameraMode":{"drawMode":0,"name":"Shaded","section":"Shading Mode"},"sceneLighting":true,"audioPlay":false,"sceneViewState":{"m_AlwaysRefresh":false,"showFog":true,"showSkybox":true,"showFlares":true,"showImageEffects":true,"showParticleSystems":true,"showVisualEffectGraphs":true,"m_FxEnabled":true},"in2DMode":false,"pivot":{"x":-0.34700000286102297,"y":1.2549999952316285,"z":2.246999979019165},"rotation":{"x":0.24549143016338349,"y":-0.20351658761501313,"z":0.05276883393526077,"w":0.9463472366333008},"size":0.4330126941204071,"orthographic":false}