{"cameraMode":{"drawMode":0,"name":"Shaded","section":"Shading Mode"},"sceneLighting":true,"audioPlay":false,"sceneViewState":{"m_AlwaysRefresh":false,"showFog":true,"showSkybox":true,"showFlares":true,"showImageEffects":true,"showParticleSystems":true,"showVisualEffectGraphs":true,"m_FxEnabled":true},"in2DMode":false,"pivot":{"x":-4.320996284484863,"y":1.7367345094680787,"z":2.378718852996826},"rotation":{"x":0.051406823098659518,"y":-0.32073652744293215,"z":0.017435919493436815,"w":0.945615291595459},"size":6.43312406539917,"orthographic":false}